name,age,salary,salary_in_euro
Shekhar,27,50000,320.5128205128205
Sudeep,39,100000,641.025641025641
Suzata,37,70000,448.71794871794873
Tulasa,23,40000,256.4102564102564
